[
  {
    "id":1,
    "title": "article 1 title",
    "last_update":1586404611,
    "short_description": "This is article 1 short description. She wholly fat who window extent either formal. Removing welcomed civility or hastened is.",
    "avatar":"https://minotar.net/avatar/user2"
  },
  {
    "id":2,
    "title": "article 2 title",
    "last_update":1506404611,
    "short_description": "This is article 2 short description. She wholly fat who window extent either formal. Removing welcomed civility or hastened is.",
    "avatar":"https://minotar.net/avatar/user3"
  },
  {
    "id":3,
    "title": "article 3 title",
    "last_update":1526404611,
    "short_description": "This is article 3 short description. She wholly fat who window extent either formal. Removing welcomed civility or hastened is.",
    "avatar":"https://minotar.net/avatar/user4"
  },
  {
    "id":4,
    "title": "article 4 title",
    "last_update":1486404611,
    "short_description": "This is article 4 short description. She wholly fat who window extent either formal. Removing welcomed civility or hastened is.",
    "avatar":"https://minotar.net/avatar/user5"
  }
]